name,Name,Address,Postcode,Phone,Email,Website,Opening,referral_required,delivery_option
Hillsborough,Hillsborough,66 Cross Bedford Street Sheffield,S6 3BS,0114 3210733,info@sheffields6.foodbank.org.uk,www.sheffields6.foodbank.org.uk,"Tuesday 11.00 – 13.00
Friday 11.00 – 13.00",0,0
Crookes,Crookes,"St Thomas' Church, Nairn Street, Crookes",S10 1UL,0114 3210733,info@sheffields6.foodbank.org.uk,www.sheffields6.foodbank.org.uk,Tuesday 14.00 – 15.00,0,0
Parson Cross,Parson Cross,"St Paul's Community Centre, 79 Wheata Road",S5 9FP,0114 3210733,info@sheffields6.foodbank.org.uk,www.sheffields6.foodbank.org.uk,Friday 11.00 – 13.00,0,0
Broomhall,Broomhall,"Broomhall Community Centre, Broomspring Lane",S10 2FD,0114 3210733,info@sheffields6.foodbank.org.uk,www.sheffields6.foodbank.org.uk,Monday 10.30 – 12.00,0,0
Sharrow,Sharrow,"Ship Shape, The Stables,  Sharrow Ln",S11 8AE,0114 3210733,info@sheffields6.foodbank.org.uk,www.sheffields6.foodbank.org.uk,Thursday 11.00 – 13.00,0,0
Winn Gardens,Winn Gardens,"Winn Gardens TARA building, 126 Winn Drive",S6 1UD,0114 3210733,info@sheffields6.foodbank.org.uk,www.sheffields6.foodbank.org.uk,Thursday 11.00 – 13.00,0,0
Firth Park,Firth Park,"Firth Park Library, 443 Firth Park Road",S5 6QQ,0114 3210733,info@sheffields6.foodbank.org.uk,www.sheffields6.foodbank.org.uk,Thursday 11.00 – 13.00,0,0
Woodhouse,Woodhouse,"Southern Light Church, Tannery Close",S13 7LA,0114 3210733,info@sheffields6.foodbank.org.uk,www.sheffields6.foodbank.org.uk,Friday 11.00 – 13.00,0,0
Arbourthorne,Arbourthorne,"The Spires Centre, 600 East Bank Road",S2 2AN,0114 3210733,info@sheffields6.foodbank.org.uk,www.sheffields6.foodbank.org.uk,Wednesday 11.00 – 13.00,0,0
Shirecliffe,Shirecliffe,"Shirecliffe Community Centre, 349 Shirecliffe Rd",S5 8XL,07838 263559,info@sheffields6.foodbank.org.uk,www.sheffields6.foodbank.org.uk,Saturday 11.00 – 13.00,0,0
Nether Edge / Abbeydale Road,Nether Edge / Abbeydale Road,"Common Ground Community Centre, St Peters Hall, Woodstock Rd",S7 1GR,0114 3210733,,www.facebook.com/NESFoodbank/,Tuesday 12.30 – 14.30,0,0
S2 Food Bank Network,S2 Food Bank Network,"St Swithuns, 2 Cary Road",S2 1JP,07804 406267,info@s2foodbank.org.uk,www.s2foodbank.org.uk,Wednesday 12.00 - 14.00,1,0
Gleadless Valley Foodbank,Gleadless Valley Foodbank,"Gleadless Valley Methodist Church,
Blackstock Road",S14 1FT,0114 2530315,info@gleadlessvalley.foodbank.org.uk,www.gleadlessvalley.foodbank.org.uk,Friday 12.00 - 14.30,1,0
Wybourn,Wybourn,"The Megacentre, Bernard Road",S2 5BQ,0114 3210733,info@sheffields6.foodbank.org.uk,www.sheffields6.foodbank.org.uk,Thursday 11.00 - 13.00,1,0
Burngreave,Burngreave,"Rock Christian Centre, 177 Spital Hill",S4 7LF,07542 888671,info@burngreave.foodbank.org.uk,www.burngreave.foodbank.org.uk,"Wednesday 13.00 - 15.00
Friday 13.00 - 15.00",1,0
Darnall,Darnall,"Living Waters Christian Fellowship, 81 Main Road",S9 5HL,07542 888671,info@burngreave.foodbank.org.uk,www.burngreave.foodbank.org.uk,"Tuesday 13.00 - 15.00
Thursday 13.00 - 15.00",1,0
Fir Vale,Fir Vale,"St Cuthbert’s Church, Barnsley Road, Fir Vale",S5 6UA,,firvalefoodbank@gmail.com,www.facebook.com/groups/3062484973987592/,Thursday 12.00 - 14.00,1,0
Church on the Corner,Church on the Corner,1-5 Buchanan Road,S5 8AP,0114 2452970,churchonthecornerfoodbank@gmail.com,www.churchonthecorner.com,Thursday 10.00 - 11.00,1,0
International Worship Centre,International Worship Centre,"470 Bellhouse Road, Shiregreen",S5 0RF,,worship.icwcentre@gmail.com,www.facebook.com/ICWCSheffield/,Saturday 10.30 - 12.30,0,0
Longley 4G,Dryden Pantry,,,,,,Thursday 10.00 - 12.00,0,0
Stannington,Longley 4G,,S5 7NN,0114 2134120,food@longley4g.org.uk,www.longley4g.org.uk,Wednesday 12.00 - 12.00,1,1
Jordanthorpe,Stannington,Stanwood Methodist Church,S6 5HZ,07706 285280,jane_wall@hotmail.co.uk,https://www.facebook.com/Stannington-Foodbank-112968863665554/,Monday 12.00 - 13.00,0,0
Lowedges,Jordanthorpe,,S8 7JB,07580 516512,office@gracefoodbanksheffield.org.uk,www.gracefoodbanksheffield.org.uk,Tuesday 10.30 - 11.30,1,1
New Hope,Lowedges,,S8 7JB,07580 516512,office@gracefoodbanksheffield.org.uk,www.gracefoodbanksheffield.org.uk,Thursday 13.45 - 14.45,1,1
S20,New Hope,"Unit 3 Norwood Industrial Estate, Rotherham Close, Killamarsh",S21 2JU,07939 950713,jacquinewhopecommunity@outlook.com,www.newhopefoodbank.org.uk,All,1,1
St Saviour's,Handsworth,"Grace Church Sheffield, 1 Richmond Road, Handsworth",S13 8TB,07599 878715,foodbank@gracechurchsheffield.co.uk,www.gracechurchsheffield.co.uk/foodbank,"Tuesday 12.00 - 14.00
Thursday 16.00 - 18.00",1,1
Stocksbridge,S20,"S20 Information Station, Roche Meeting Rooms, Shortbrook Drive, Westfield",S20 8NF,07732 823028,s20foodbank@gmail.com,www.facebook.com/S20foodbank/,"Monday 9.00 - 12.00
Tuesday 9.00 - 12.00
Thursday 9.00 - 12.00
Friday 9.00 - 12.00",1,0
,St Saviour's,"St Saviours Church, Mortomley Lane, High Green",S35 3HS,07561 699535,warden@stsaviours.info,www.stsaviours.info,Friday 13.00 - 15.00,0,0
,Stocksbridge,"Ikon Campus, Manchester Road Stocksbridge",S36 2DU,07912 609 791,coordinator.foodmatters@gmail.com,stocksbridgefoodbank.org/,"Tuesday 10.00 - 12.00
Thursday 10.00 - 13.00",1,0
